Part Name,Link,Vendor,Qty,Price Per Unit,Total Item Price,Notes,,,,Current Part List (ignore),,,
,,,,,,,,,,,,,
Nema 17 Motor,https://www.amazon.com/STEPPERONLINE-Stepper-Bipolar-Connector-compatible/dp/B00PNEQKC0/ref=sr_1_3?crid=1AZXCYGC481J7&dib=eyJ2IjoiMSJ9.hN-9QQUUabt-Xybqh_2hee4zTie_fuuC9sPt2RckHIbKdBK3mzcokmjoEBBpKrCPvn3AGbyndVA4YhkmIWvHo69jhtP6xnDhXl3IAgqDjdgFwh_ooOE0qaXHsekUe5IL4kkEACyxZioCxuVhvMhzGL216Kv-xp1JtQxePMwuGiRGmbAQ8jaUP6YcjUqXJ93JMeibX_BJPhdqq4kEd2ZQfzI9EX3wixMTRFcbWYxH26g.sBlKlCkYd2t0eKllfAYa1GkLJlHNdgN83gjVkniGRuo&dib_tag=se&keywords=nema17+motor&qid=1761427653&sprefix=nema17+moto%2Caps%2C172&sr=8-3,Amazon,3,$13.99,$41.97,Cheaper on Amazon,,,,Nema 17 Stepper Motors,,TRUE,
Nema 23 Motor,https://www.amazon.com/STEPPERONLINE-Stepper-178-5oz-1-26Nm-Stepping/dp/B00PNEPF5I/ref=sr_1_4?crid=1XQI95HIIFJM5&dib=eyJ2IjoiMSJ9.ZsbeGlyAFyyDRJIaRc6SsSDS2AA0VuYFAaxQ4Ya4H0mUlaHFk5b6gDS6m52Cv36AvqWHN1hoza5y1DXn1Ml3NRzYz5DXQxhce318reXoWsxIBs-_dR8Y32SYUljaU_65FTREgY3VhKoQXpwPR1hP0-UujUwWlnLlSExvzrEWnhnMLE52hj8UaOIIfVZkOzszZnrplnVlei9l2xBh1kcsauSM0YML5rwsrxoD3FlWJ14.lcc6IFP17VzObwepKme9a7BVlOA0CuTkJ1Y_WYAS6TI&dib_tag=se&keywords=nema+23+motor&qid=1761427944&sprefix=nema+23+motor%2Caps%2C116&sr=8-4,Amazon,1,$25.99,$25.99,Cheaper on Amazon,,,,Nema 23 Stepper Motors,,TRUE,
TMC2209 Drivers,https://www.amazon.com/BIGTREETECH-TMC2209-Stepper-Stepstick-Motherboard/dp/B07ZPYKL46/ref=sr_1_4?crid=1BYJ621YN07Y3&dib=eyJ2IjoiMSJ9.YWP32FS6eh1xPn8FlxROuJWbnVGHlONeTRRWjmEvSf7Ec54q-1c5FY3fxVQ7p6qf6ZqCVGvz1L4SE2KeRGP-bQWxWzozi-yXw15q9m-Zb6gZN91G28zLdKjcPcOYoWPwww2Ah_HFbEeAJeOPCaEbzWdxhGTq6FVETHfmHSS0YeMCY7hXT7PrunhrjPpD9Sq8gZnVvmR-C608glo_5c7aG0lxvH0fumiNiAMJsTG3NcI.Af5yoZPxfVfno-lsR5Ex5RHwwCxpns_Elr67bvjoTSw&dib_tag=se&keywords=tmc2209&qid=1761673174&sprefix=tmc220%2Caps%2C365&sr=8-4&th=1,Amazon,1,$22.99,$22.99,For Nema 17 Steppers,,,,Stepper Drivers,,TRUE,
ESP 32 Dev Kit,https://www.amazon.com/ESP-WROOM-32-Development-Microcontroller-Integrated-Compatible/dp/B07WCG1PLV/ref=sr_1_3?crid=30CU38UFLKPBZ&dib=eyJ2IjoiMSJ9.XBINg-sjhfF_gUtnMiKGjkLbh6eWVX2GbgtlgqTMcO2ih0PkcMqio2j-qSjxeoHc2uJW0oeDmsds71HE0t7QX1GlDMOkN_MvpcoOHpAXnq-6_XFnzBdnmslfQlcCo7eQeHsENFkDQuk4vc1gKH15Gw1UuKRE4W-JcqIEOdMuXS6YSLxrHKtCcq-62QKmow8euJJIEpbm18_ssdC7JYt2ghYmUqVcGAJNSvR14rx1Kx0.4AvANsM6DCpq0-UR4KK2PIULXvlzyUjB0g4e6ELYAhY&dib_tag=se&keywords=esp%2B32&qid=1761428613&sprefix=esp%2B32%2Caps%2C228&sr=8-3&th=1,Amazon,1,$8.99,$8.99,Cheaper with Shipping on Amazon,,,,Filament - 2kg?,,TRUE,Need Gram Amount
TB6600 Driver,https://www.amazon.com/Stepper-DC9-42V-Subdivision-Controller-MicroStepping/dp/B08SG7L54W/ref=sr_1_6?crid=Q9WWYVGWKSAH&dib=eyJ2IjoiMSJ9.DV2d9vwZ0sXoq5XN-GLoL8ijIKX5BtRBM4mY6KprHuoTqHhSAaZT8pbgizKx6bt2K-8WHV2xuQlukOtKN0IBJ4JZO2Gojdtk9yWvKlNxfjNFntmdsICQKrRLmQ1tbWx2s1Am395UX4A9-qCye8o2iAkUA0EOCBLwEB4Qk3ct7okaSpva0vNonUiQSmso0mzqdWbzP7nR97XgnHu_DNkAzQSVIritL4ROA-yHyA3TGvthBMLB6MHOEJTW8ddGSOZU5Siv-KfvqF8Wtu9m846rNdiy-FGYZLiOhGa0ehz64qQ.mJx-wBspVqJgknYURw3sO19d8qWFsHsNeMNcPEkKE1I&dib_tag=se&keywords=TB6600&qid=1761428728&sprefix=tb6600%2Caps%2C197&sr=8-6,Amazon,1,$10.89,$10.89,Same price as Aliexpress,,,,Small Base Bearings,,TRUE,
PCB,https://drive.google.com/file/d/11k8NPm6qlL1cPLSDdq3B7cOSP-t6soDT/view?usp=sharing,JLCPCB,1,$5.30,$5.30,Includes Shipping,,,,GT2 Timing Belt - multiple sizes,,TRUE,
Solder Flux,https://www.aliexpress.us/item/3256808722589055.html?spm=a2g0o.productlist.main.1.45e799534ybWOK&algo_pvid=205327be-4557-46e4-ac7a-27358d144f0c&algo_exp_id=205327be-4557-46e4-ac7a-27358d144f0c-0&pdp_ext_f=%7B%22order%22%3A%2253517%22%2C%22eval%22%3A%221%22%2C%22orig_sl_item_id%22%3A%221005008908903807%22%2C%22orig_item_id%22%3A%221005008562727265%22%2C%22fromPage%22%3A%22search%22%7D&pdp_npi=6%40dis%21USD%213.90%211.95%21%21%2127.66%2113.83%21%402101f42817614291586474724e07fa%2112000047159348650%21sea%21US%212678897144%21ACX%211%210%21n_tag%3A-29919%3Bd%3Aff45761e%3Bm03_new_user%3A-29894&curPageLogUid=kvXajsBk1s1i&utparam-url=scene%3Asearch%7Cquery_from%3A%7Cx_object_id%3A1005008908903807%7C_p_origin_prod%3A1005008562727265,Aliexpress,1,$1.95,$1.95,,,,,Big Bearings,,TRUE,
AS5600 Magnet Sensors,https://www.aliexpress.us/item/3256806163317817.html?spm=a2g0o.productlist.main.3.33c86580V8ySFY&algo_pvid=2760976d-30b8-472d-a686-da02bec21976&algo_exp_id=2760976d-30b8-472d-a686-da02bec21976-31&pdp_ext_f=%7B%22order%22%3A%22561%22%2C%22eval%22%3A%221%22%2C%22fromPage%22%3A%22search%22%7D&pdp_npi=6%40dis%21USD%217.25%211.75%21%21%2151.38%2112.40%21%402103129f17614294620567857eaa10%2112000038573167264%21sea%21US%212678897144%21ACX%211%210%21n_tag%3A-29919%3Bd%3Aff45761e%3Bm03_new_user%3A-29894%3BpisId%3A5000000187462902&curPageLogUid=SWjtwC5qpapB&utparam-url=scene%3Asearch%7Cquery_from%3A%7Cx_object_id%3A1005006349632569%7C_p_origin_prod%3A,Aliexpress,1,$5.42,$5.42,Encoders,,,,Nema Compatible Pulleys,,TRUE,
Small Base Bearings - 4x10x4,https://www.aliexpress.us/item/3256808665674212.html?spm=a2g0o.productlist.main.3.79f3765cJOLdnA&algo_pvid=24933736-cd87-46b1-be11-3552e0a13786&algo_exp_id=24933736-cd87-46b1-be11-3552e0a13786-2&pdp_ext_f=%7B%22order%22%3A%22740%22%2C%22eval%22%3A%221%22%2C%22fromPage%22%3A%22search%22%7D&pdp_npi=6%40dis%21USD%212.97%210.99%21%21%2121.02%216.99%21%402103212517614506423855093ec585%2112000046945853028%21sea%21US%212678897144%21ACX%211%210%21n_tag%3A-29919%3Bd%3Aff45761e%3Bm03_new_user%3A-29894%3BpisId%3A5000000187462902&curPageLogUid=9Ovk67vMtHG0&utparam-url=scene%3Asearch%7Cquery_from%3A%7Cx_object_id%3A1005008851988964%7C_p_origin_prod%3A,Aliexpress,2,$3.12,$6.24,,,,,Wire - AWG + Jumper Wire,,FALSE,
Pulley Bearings,https://www.amazon.com/gp/product/B07X1YPDQR/ref=ppx_yo_dt_b_search_asin_title?ie=UTF8&amp&psc=1&_encoding=UTF8&tag=roboticworx0e-20&linkCode=ur2&linkId=f2801af12ce451eeb188f7655a75b61f&camp=1789&creative=9325,Amazon,1,$19.99,$19.99,Cheaper on Amazon than Aliexpress for some reason,,,,Stepper Motor Shaft Coupler,,TRUE,
Base Timing Belt - GT2 600mm,https://www.aliexpress.us/item/3256804460791382.html?spm=a2g0o.productlist.main.6.3103CaNwCaNw59&algo_pvid=66374233-f73e-4669-9a64-1b3ef8d930d9&algo_exp_id=66374233-f73e-4669-9a64-1b3ef8d930d9-5&pdp_ext_f=%7B%22order%22%3A%2217%22%2C%22eval%22%3A%221%22%2C%22fromPage%22%3A%22search%22%7D&pdp_npi=6%40dis%21USD%213.47%210.99%21%21%2124.61%217.03%21%402101f42817614455311493762e07f0%2112000029966715782%21sea%21US%212678897144%21ACX%211%210%21n_tag%3A-29919%3Bd%3Aff45761e%3Bm03_new_user%3A-29894%3BpisId%3A5000000187462902&curPageLogUid=6uxZZiebd3DN&utparam-url=scene%3Asearch%7Cquery_from%3A%7Cx_object_id%3A1005004647106134%7C_p_origin_prod%3A,Aliexpress,1,$3.52,$3.52,,,,,Steppr Motor Shaft Extension,,TRUE,
Tilt Timing Belt - GT2 400mm,https://www.aliexpress.us/item/3256808692490611.html?spm=a2g0o.productlist.main.3.57b94ed2dt0Ums&algo_pvid=3a928d79-43dc-4df6-b5b2-45d5ef25acc6&algo_exp_id=3a928d79-43dc-4df6-b5b2-45d5ef25acc6-2&pdp_ext_f=%7B%22order%22%3A%2298%22%2C%22eval%22%3A%221%22%2C%22fromPage%22%3A%22search%22%7D&pdp_npi=6%40dis%21USD%214.93%210.99%21%21%2134.93%217.04%21%4021033d6617614460343404199e7189%2112000047086969362%21sea%21US%212678897144%21ACX%211%210%21n_tag%3A-29919%3Bd%3Aff45761e%3Bm03_new_user%3A-29894%3BpisId%3A5000000187462902&curPageLogUid=7w5KFZZBQcLW&utparam-url=scene%3Asearch%7Cquery_from%3A%7Cx_object_id%3A1005008878805363%7C_p_origin_prod%3A,Aliexpress,2,$4.93,$9.86,,,,,Hall Effect Magnet Sensors,,TRUE,
Arm Timing Belt - GT2 - 420mm,https://www.aliexpress.us/item/3256804906037786.html?spm=a2g0o.productlist.main.1.2d0f2365Y7C3AV&algo_pvid=b7a3b95b-bafb-4681-ad25-4b4e9b8725a7&algo_exp_id=b7a3b95b-bafb-4681-ad25-4b4e9b8725a7-0&pdp_ext_f=%7B%22order%22%3A%2215%22%2C%22eval%22%3A%221%22%2C%22fromPage%22%3A%22search%22%7D&pdp_npi=6%40dis%21USD%213.65%210.99%21%21%2125.89%217.04%21%402101ee6617614464948302763ea7b3%2112000031627477845%21sea%21US%212678897144%21ACX%211%210%21n_tag%3A-29919%3Bd%3Aff45761e%3Bm03_new_user%3A-29894%3BpisId%3A5000000187462902&curPageLogUid=88Y1iryqjXZD&utparam-url=scene%3Asearch%7Cquery_from%3A%7Cx_object_id%3A1005005092352538%7C_p_origin_prod%3A,Aliexpress,1,$3.66,$3.66,,,,,Solder Flux,,TRUE,
Nema Compatible Pulleys 20t,https://www.amazon.com/WINSINN-Aluminum-Synchronous-Timing-Printer/dp/B077GNZK3J/ref=sr_1_3?dib=eyJ2IjoiMSJ9.1RSGL9hj7VfeRoLhAWTezzILcw6Wab_zt7AplTRCTnsnI9KeKo_vH34vRsbxrLfAMeSYkmCCPkQLF5O7DRH2_xAjhCBcSv_VxmN_NHPNOq-Tp8D6im6-_Pf9Dw-lCsgzJRHiuziygEZHv2juDXXIsDNYaU1alQ71A5mWZzzX0YQEIe8p8-6auERTXz7BH1jx8C8LQltvN9Fz8ZNpbzl1qMEYZZCTa8ea23jXNu-etn8.4ucF_d3i1qqTl6Bjw5zU-SOwzcAKbWyYlJ6r8vphPqo&dib_tag=se&keywords=gt2%2B20t%2Bpulley%2B5mm%2Bbore&qid=1761451261&sr=8-3&th=1,Amazon,1,$6.99,$6.99,,,,,PCB,,TRUE,
Nema Shaft Coupler - 5mm to 5mm,https://www.amazon.com/ZYCST-Aluminium-Coupling-Connector-Airplane/dp/B07QQM472Q/ref=sr_1_6?crid=P46L80HDC6XS&dib=eyJ2IjoiMSJ9.37KX6SV3RMMgXImOjXpixKpK_iD66WlpVLtrdP28nciqEaSWBnbQdQ1Qzv7I2rrDX-yc29D2j1ywM12psMz2pBbgEtO5t4Op5n9vRy1kBXZQgFe-0jUaJcJEijCcVLczCg-zYFIRIKw0uRgTl_UuwSS2AnBVUofCx6QspXRR3D5wkXIS0zCVn5I6e_3arSq0a3A7zXb3Ufd_Sqg4WayXijr9wZMZqVveYWef0ytotN8.X7rYLEmNbukNZq5QcUA6l7SS7MAMOomOPcb9dHUnu6s&dib_tag=se&keywords=nema%2Bmotor%2Bshaft%2Bcoupler%2Brigid&qid=1761451387&sprefix=nema%2Bmotor%2Bshaft%2Bcoupler%2Brigid%2Caps%2C82&sr=8-6&th=1,Amazon,1,$8.68,$8.68,,,,,Incorporate Screen? - already have,,TRUE,
5mm Shaft,https://www.aliexpress.us/item/3256804855023250.html?spm=a2g0o.productlist.main.1.2e326e29Qu62xa&algo_pvid=589f590d-21fa-4b7c-83af-a452fff66671&algo_exp_id=589f590d-21fa-4b7c-83af-a452fff66671-0&pdp_ext_f=%7B%22order%22%3A%221446%22%2C%22eval%22%3A%221%22%2C%22fromPage%22%3A%22search%22%7D&pdp_npi=6%40dis%21USD%211.53%210.99%21%21%211.53%210.99%21%40210328db17614515888877247e7b7e%2112000031424484628%21sea%21US%212678897144%21ACX%211%210%21n_tag%3A-29919%3Bd%3Aff45761e%3Bm03_new_user%3A-29894%3BpisId%3A5000000187462900&curPageLogUid=eToSzEbrcTHk&utparam-url=scene%3Asearch%7Cquery_from%3A%7Cx_object_id%3A1005005041338002%7C_p_origin_prod%3A,Aliexpress,1,$2.95,$2.95,,,,,Hardware,,FALSE,
5mm Bore Shaft Collars,https://www.amazon.com/uxcell-Collars-5-05mm-Collar-Carbon/dp/B0D2L23B34/ref=sr_1_6?crid=1JIONRSQP06U6&dib=eyJ2IjoiMSJ9.P2Qp_dJsrrz9Ta_5UTfLcdLNuADr1lsnbqLDgERxMRR7_ez0HscRc_i-yJH0XowjxkGMVv4spaR8N6fa7KlfoVkHWWtGyZS-J68Iwi3WoYL2IyQBZIxSKDf2l6kE-OpTCd1ctcXlThptHPdRjLDaqKCeWIk63Q-g8TmJauNjnDAKT3EK15-Dvc7G6An23yxqNza68AQ3W88Y1Y_QVq1N6p5t5lWT9-tPLJvW7Hi07u8.Mknx1HuV_xpSxm76dSFCYMPWGkbxFdP3on-Bx2u8rFY&dib_tag=se&keywords=5mm+bore+shaft+collar&qid=1761451853&sprefix=5mm+bore+shaft+colla%2Caps%2C107&sr=8-6,Amazon,1,$7.99,$7.99,,,,,Shaft Coupler,,TRUE,
Emergency Stop Button,https://www.aliexpress.us/item/3256805247269854.html?spm=a2g0o.productlist.main.14.5bb06080w7qxjq&algo_pvid=2c9d4e8f-dcff-4f5b-be76-ae0b2a7a70d5&algo_exp_id=2c9d4e8f-dcff-4f5b-be76-ae0b2a7a70d5-14&pdp_ext_f=%7B%22order%22%3A%22166%22%2C%22eval%22%3A%221%22%2C%22fromPage%22%3A%22search%22%7D&pdp_npi=6%40dis%21USD%211.81%210.99%21%21%2112.82%217.01%21%402101f4dc17614520510425973efd78%2112000033057402451%21sea%21US%212678897144%21ACX%211%210%21n_tag%3A-29919%3Bd%3Aff45761e%3Bm03_new_user%3A-29894%3BpisId%3A5000000187462902&curPageLogUid=7iOAle9r2beF&utparam-url=scene%3Asearch%7Cquery_from%3A%7Cx_object_id%3A1005005433584606%7C_p_origin_prod%3A#nav-review,Aliexpress,1,$3.16,$3.16,,,,,Shaft Collars,,TRUE,
TC9548A I2C Multiplexer,https://www.aliexpress.us/item/3256806776881856.html?spm=a2g0o.productlist.main.4.696c4911oOWURX&algo_pvid=a14a23a7-ce9b-413c-91b8-554a9816d042&algo_exp_id=a14a23a7-ce9b-413c-91b8-554a9816d042-1&pdp_ext_f=%7B%22order%22%3A%22180%22%2C%22eval%22%3A%221%22%2C%22fromPage%22%3A%22search%22%7D&pdp_npi=6%40dis%21USD%211.21%210.99%21%21%211.21%210.99%21%402101d25f17614530043483394e5ff5%2112000038872380879%21sea%21US%212678897144%21ACX%211%210%21n_tag%3A-29919%3Bd%3Aff45761e%3Bm03_new_user%3A-29894%3BpisId%3A5000000187462900&curPageLogUid=IwMJi6b2YFbL&utparam-url=scene%3Asearch%7Cquery_from%3A%7Cx_object_id%3A1005006963196608%7C_p_origin_prod%3A,Aliexpress,1,$1.21,$1.21,,,,,Super Glue,,TRUE,
LM2596 Buck Convertor,https://www.aliexpress.us/item/3256807314089934.html?spm=a2g0o.productlist.main.6.1ee63fc34iOKix&algo_pvid=c2cf9fcf-6c88-4794-a850-b013c7308ff1&algo_exp_id=c2cf9fcf-6c88-4794-a850-b013c7308ff1-6&pdp_ext_f=%7B%22order%22%3A%221766%22%2C%22eval%22%3A%221%22%2C%22fromPage%22%3A%22search%22%7D&pdp_npi=6%40dis%21USD%211.83%210.99%21%21%211.83%210.99%21%40210328db17614533766713221e7b39%2112000041039673533%21sea%21US%212678897144%21ACX%211%210%21n_tag%3A-29919%3Bd%3Aff45761e%3Bm03_new_user%3A-29894%3BpisId%3A5000000187462902&curPageLogUid=Wu6JDzB64eYc&utparam-url=scene%3Asearch%7Cquery_from%3A%7Cx_object_id%3A1005007500404686%7C_p_origin_prod%3A#nav-review,Aliexpress,1,$1.83,$1.83,,,,,Threadlock,,TRUE,
KF301-2P,https://www.aliexpress.us/item/3256801470316663.html?spm=a2g0o.productlist.main.1.6ebd5d8bbnFBYu&algo_pvid=c397f84a-941c-4963-9b6a-f3c63b53e9a8&algo_exp_id=c397f84a-941c-4963-9b6a-f3c63b53e9a8-0&pdp_ext_f=%7B%22order%22%3A%22290%22%2C%22eval%22%3A%221%22%2C%22fromPage%22%3A%22search%22%7D&pdp_npi=6%40dis%21USD%212.03%210.99%21%21%212.03%210.99%21%402101f4c117615954711221086e0fa0%2112000017011681254%21sea%21US%212678897144%21ACX%211%210%21n_tag%3A-29919%3Bd%3Aff45761e%3Bm03_new_user%3A-29894%3BpisId%3A5000000187462900&curPageLogUid=JTMvVZ0UrrPF&utparam-url=scene%3Asearch%7Cquery_from%3A%7Cx_object_id%3A1005001656631415%7C_p_origin_prod%3A#nav-specification,Aliexpress,1,$2.03,$2.03,"For 24v Power, TB6600, and EStop",,,,Piece of plywood for base,,FALSE,
XT60 to Power Supply Cable,https://www.amazon.com/FLY-RC-Connector-Battery-Adapter/dp/B07C1QKNHP/ref=sr_1_6?crid=14CQ45Z5VHEXB&dib=eyJ2IjoiMSJ9.I0Z90K14vGFRLKvMLHCshFuxSvHv_GjI0WDKYgPcEkRfWgUP6WuHnRt_CTL8eb_jlTpc_4H6liRiUHMm1VniInWOBni4XWuLB3jMqdcvSoIzFbFsyTMpuldyja-OrI33jdrxiD29yNhYpwl0Q7p5TLJNalo6r7UambSf1ik7H_ZsHIs6EF-f7U6eafivl-mPy-9-DwcKMDqWVsjLlwOe8axTcHY9G9a1sDlidWw1KL0UOIGLX9XrXeI_7hZpW2OmAhoQM2PdliVuk9DbQi0XuAJXdsVVg5IdyjVd9wZNmtk.Y8c2bxXoMrW_DoHLtvu_AR2dtigrFMNNYCLgECgvipU&dib_tag=se&keywords=xt60+to+banana+plug&qid=1761453994&sprefix=xt60+to+banana+plu%2Caps%2C129&sr=8-6,Amazon,1,$7.99,$7.99,,,,,Heat Shrink for Wire,,FALSE,
XT60 to PCB Connector,https://www.aliexpress.us/item/3256807190011486.html?spm=a2g0o.productlist.main.11.5efdzwYxzwYxlh&algo_pvid=ac10db32-1ce9-4033-8225-e6479e4900c4&algo_exp_id=ac10db32-1ce9-4033-8225-e6479e4900c4-10&pdp_ext_f=%7B%22order%22%3A%22977%22%2C%22eval%22%3A%221%22%2C%22fromPage%22%3A%22search%22%7D&pdp_npi=6%40dis%21USD%211.97%210.99%21%21%2113.94%217.01%21%402101df0e17615969055707212e40a0%2112000040483651775%21sea%21US%212678897144%21ACX%211%210%21n_tag%3A-29919%3Bd%3Aff45761e%3Bm03_new_user%3A-29894%3BpisId%3A5000000187462902&curPageLogUid=VTdH76DwQu0A&utparam-url=scene%3Asearch%7Cquery_from%3A%7Cx_object_id%3A1005007376326238%7C_p_origin_prod%3A,Aliexpress,1,$1.97,$1.97,,,,,Big Red E-Stop Button,,TRUE,
LED,https://www.aliexpress.us/item/3256803137393104.html?spm=a2g0o.productlist.main.2.73431754vliggy&algo_pvid=07b893a6-c32a-4334-9ab6-2f6e1178ef70&algo_exp_id=07b893a6-c32a-4334-9ab6-2f6e1178ef70-1&pdp_ext_f=%7B%22order%22%3A%22968%22%2C%22eval%22%3A%221%22%2C%22fromPage%22%3A%22search%22%7D&pdp_npi=6%40dis%21USD%213.93%210.99%21%21%213.93%210.99%21%4021033d5017615991743176836e6a31%2112000025211444652%21sea%21US%212678897144%21ACX%211%210%21n_tag%3A-29919%3Bd%3Aff45761e%3Bm03_new_user%3A-29894%3BpisId%3A5000000187462902&curPageLogUid=b62xWcd5ozFc&utparam-url=scene%3Asearch%7Cquery_from%3A%7Cx_object_id%3A1005003323707856%7C_p_origin_prod%3A,Aliexpress,1,$3.93,$3.93,For PCB,,,,,,FALSE,
1x3 Headers,https://www.aliexpress.us/item/2255800801798474.html?spm=a2g0o.productlist.main.1.22ea100ateGlLs&algo_pvid=67e01338-8cfb-4afd-ae1a-0e4c5a3001ab&algo_exp_id=67e01338-8cfb-4afd-ae1a-0e4c5a3001ab-0&pdp_ext_f=%7B%22order%22%3A%221892%22%2C%22eval%22%3A%221%22%2C%22fromPage%22%3A%22search%22%7D&pdp_npi=6%40dis%21USD%211.45%210.99%21%21%211.45%210.99%21%402101f41a17616012132762711ecfad%2110000013202368848%21sea%21US%212678897144%21ACX%211%210%21n_tag%3A-29919%3Bd%3Aff45761e%3Bm03_new_user%3A-29894%3BpisId%3A5000000187462902&curPageLogUid=KULvQdnglpAk&utparam-url=scene%3Asearch%7Cquery_from%3A%7Cx_object_id%3A4000988113226%7C_p_origin_prod%3A,Aliexpress,1,$1.62,$1.62,1x3 Headers for Servo,,,,,,FALSE,
1x6 Headers,https://www.aliexpress.us/item/2255800801798474.html?spm=a2g0o.productlist.main.1.22ea100ateGlLs&algo_pvid=67e01338-8cfb-4afd-ae1a-0e4c5a3001ab&algo_exp_id=67e01338-8cfb-4afd-ae1a-0e4c5a3001ab-0&pdp_ext_f=%7B%22order%22%3A%221892%22%2C%22eval%22%3A%221%22%2C%22fromPage%22%3A%22search%22%7D&pdp_npi=6%40dis%21USD%211.45%210.99%21%21%211.45%210.99%21%402101f41a17616012132762711ecfad%2110000013202368848%21sea%21US%212678897144%21ACX%211%210%21n_tag%3A-29919%3Bd%3Aff45761e%3Bm03_new_user%3A-29894%3BpisId%3A5000000187462902&curPageLogUid=KULvQdnglpAk&utparam-url=scene%3Asearch%7Cquery_from%3A%7Cx_object_id%3A4000988113226%7C_p_origin_prod%3A,Aliexpress,1,$1.62,$1.62,1x6 Header for the Expansion Slot on PCB,,,,Electronics,,FALSE,
JST-XH-4Pin Connectors,https://www.aliexpress.us/item/3256806894018733.html?spm=a2g0o.productlist.main.1.4166e8qoe8qoOS&algo_pvid=5b718295-44d9-4053-bf77-2c4a18f12dd4&algo_exp_id=5b718295-44d9-4053-bf77-2c4a18f12dd4-0&pdp_ext_f=%7B%22order%22%3A%221341%22%2C%22eval%22%3A%221%22%2C%22fromPage%22%3A%22search%22%7D&pdp_npi=6%40dis%21USD%211.81%210.99%21%21%211.81%210.99%21%402101f41a17616061857867006ecfc6%2112000039333381516%21sea%21US%212678897144%21ACX%211%210%21n_tag%3A-29919%3Bd%3Aff45761e%3Bm03_new_user%3A-29894%3BpisId%3A5000000187462902&curPageLogUid=TLIAWzMVtzoH&utparam-url=scene%3Asearch%7Cquery_from%3A%7Cx_object_id%3A1005007080333485%7C_p_origin_prod%3A,Aliexpress,1,$2.41,$2.41,Stepper Connectors for the PCB,,,,,,FALSE,
6 Pin Screw Terminal,https://www.aliexpress.us/item/3256802765387985.html?spm=a2g0o.productlist.main.2.75f56cWL6cWLg4&algo_pvid=4740e2a2-e712-42a3-ae24-023acd3412e1&algo_exp_id=4740e2a2-e712-42a3-ae24-023acd3412e1-1&pdp_ext_f=%7B%22order%22%3A%22985%22%2C%22eval%22%3A%221%22%2C%22fromPage%22%3A%22search%22%7D&pdp_npi=6%40dis%21USD%212.21%210.99%21%21%212.21%210.99%21%402101d25f17616066709552887e5fd3%2112000022933125596%21sea%21US%212678897144%21ACX%211%210%21n_tag%3A-29919%3Bd%3Aff45761e%3Bm03_new_user%3A-29894%3BpisId%3A5000000187462902&curPageLogUid=IgnuE5tFisnK&utparam-url=scene%3Asearch%7Cquery_from%3A%7Cx_object_id%3A1005002951702737%7C_p_origin_prod%3A,Aliexpress,1,$2.98,$2.98,For TB6600 Data Connector,,,,Esp 32,,TRUE,
220R Resistor for LED,https://www.aliexpress.us/item/2251832766343175.html?spm=a2g0o.productlist.main.4.5a614DmT4DmTok&algo_pvid=c621e3d1-1911-4caf-9a0c-841252497ea9&algo_exp_id=c621e3d1-1911-4caf-9a0c-841252497ea9-3&pdp_ext_f=%7B%22order%22%3A%222977%22%2C%22eval%22%3A%221%22%2C%22fromPage%22%3A%22search%22%7D&pdp_npi=6%40dis%21USD%211.28%210.99%21%21%219.03%216.98%21%402101f70717616838953911649e3fea%2166353322862%21sea%21US%212678897144%21ACX%211%210%21n_tag%3A-29919%3Bd%3A50097792%3Bm03_new_user%3A-29894%3BpisId%3A5000000187462900&curPageLogUid=BYePsJeal4NR&utparam-url=scene%3Asearch%7Cquery_from%3A%7Cx_object_id%3A32952657927%7C_p_origin_prod%3A,Aliexpress,1,$1.32,$1.32,,,,,Buck convertor,,TRUE,
0.1uF Capacitor for Drivers,https://www.digikey.com/en/products/detail/kemet/C0805C104K5RACTU/411169,DigiKey,3,$0.08,$0.24,4.99 shipping for DigiKey. Included in total,,,,JST-XH 4-pin extension cables,,FALSE,
100uF Capacitor for Drivers,https://www.digikey.com/en/products/detail/rubycon/35ZLH100MEFC6-3X11/3134256,DigiKey,3,$0.32,$0.96,,,,,,,FALSE,
SS54 Input Diode,https://www.digikey.com/en/products/detail/shenzhen-slkormicro-semicon-co-ltd/SS54/21853075,DigiKey,1,$0.18,$0.18,,,,,,,FALSE,
M3 M4 Hardware,https://www.aliexpress.us/item/2255799852960451.html?spm=a2g0o.cart.0.0.791738da5j61gi&mp=1&pdp_npi=5%40dis%21USD%21USD%2032.57%21USD%2012.05%21%21USD%2012.05%21%21%21%402103212317630065239311835e67a3%2112000016734713045%21ct%21US%212678897144%21%211%210&_gl=1*1eauquy*_gcl_aw*R0NMLjE3NjMwMDY0MjYuQ2p3S0NBaUFfZERJQmhCNkVpd0F2emMxY0Vyb1lPaTZDVS1VRmhteld6ZFRkQkJOVHY3YzRncWpBbzVzamxwRG1PdEF2N044dzNtNW94b0NndXdRQXZEX0J3RQ..*_gcl_dc*R0NMLjE3NjMwMDY0MjYuQ2p3S0NBaUFfZERJQmhCNkVpd0F2emMxY0Vyb1lPaTZDVS1VRmhteld6ZFRkQkJOVHY3YzRncWpBbzVzamxwRG1PdEF2N044dzNtNW94b0NndXdRQXZEX0J3RQ..*_gcl_au*MTAxODg5MzUxMi4xNzU3NDM1NDU2*_ga*NjEwMjYxMTEwLjE3NjMwMDY1MjA.*_ga_VED1YSGNC7*czE3NjMwMDY1MjAkbzEkZzAkdDE3NjMwMDY1MjAkajYwJGwwJGgw&gatewayAdapt=glo2usa,Aliexpress,1,$14.00,$14.00,All the fasteners needed for the arm,,,,,,FALSE,
Heat Sunk Inserts,https://www.amazon.com/Inserts-3D-Printing-Accessories-Compatible-Soldering-Threaded/dp/B0CDRZN4B2/ref=sr_1_6?crid=2NMVAIRBHF4A4&dib=eyJ2IjoiMSJ9.ItHSBI9UHXVj3vuF34H3G9Acmw-R6WqcRqw4IRTMh3ExpV-vMSdNE7qyvO2jHa5eJnm2xuy7ZIakP1gNsHXR7DWnfQBIUe3FfE94WzSZ7T14lRPNoLocb07X--rpFTN-6BVNGBFibCWnhly_7H5QDM2bh3uDMP2Ttrk6Km6oVmKm2Gi327nPxhPV45aV5x5VXQCDY3yc_QOV91hDCmom0dcavKIBwiNerehrM7N4jcU.uAdxrbSixzmyoVdPW7UfdlTA34W1XTCdjPub5PWidUk&dib_tag=se&keywords=heat%2Bsink%2Binserts%2Bm4%2Bwith%2Btip&qid=1762645024&sprefix=heat%2Bsink%2Binserts%2Bm4%2Bwith%2Bti%2Caps%2C109&sr=8-6&th=1,Amazon,1,$8.99,$8.99,For all the hardware to plastic connections,,,,,,FALSE,
Jumper Cables,https://www.amazon.com/California-JOS-Breadboard-Optional-Multicolored/dp/B0BRTJXND9/ref=sr_1_6?crid=XLKBVPZGM3FE&dib=eyJ2IjoiMSJ9.tjHxIQLJsk16_0YVtUGN6Tqnr8euWNsWVjpSaq5RQka6sg86nvqlo35rvGkDuTYjeDtZvtkcmPNVyKZqFX1txUew_jckRw-ZoxC8rjajD_nF_JYq4qXAt-0bJ3wxrcp9q0IGM9C16zZcvz8Xfu_QuDBfeSUEfbHhou3SJa9IPJb_bgMhgiMWOaZ-iaM1NLbqhCWyP8NFf1yiO7tlRjXIdIoh6xoIo6DJjtPWRn4hRwQ.cY-53vIn8yCoEzmBem9GmhWFMvd6uwj-3e-G75prcrw&dib_tag=se&keywords=arduino%2Bjumper%2Bcables&qid=1762643290&sprefix=arduino%2Bjumper%2Bcable%2Caps%2C171&sr=8-6&th=1,Amazon,1,$5.97,$5.97,,,,,,,FALSE,
18 AWG Wire,https://www.aliexpress.us/item/3256806379805687.html?spm=a2g0o.productlist.0.0.768cxH1zxH1zIv&mp=1&pdp_npi=5%40dis%21USD%21USD%202.41%21USD%200.99%21%21USD%200.99%21%21%21%402101eecd17626436590908299e3727%2112000037691464121%21ct%21US%212678897144%21%211%210&_gl=1*1exc9dl*_gcl_aw*R0NMLjE3NjE4Nzk0MTUuQ2owS0NRandtWXpJQmhDNkFSSXNBSEEzSWtUU3B6c045cnBObllUWFBEMG1yN2FjdDdEVEdPNHVZSTJoMDdIWXRvT1JPeHM3Q0l6TmxmVWFBcXN3RUFMd193Y0I.*_gcl_dc*R0NMLjE3NjE4Nzk0MTUuQ2owS0NRandtWXpJQmhDNkFSSXNBSEEzSWtUU3B6c045cnBObllUWFBEMG1yN2FjdDdEVEdPNHVZSTJoMDdIWXRvT1JPeHM3Q0l6TmxmVWFBcXN3RUFMd193Y0I.*_gcl_au*MTAxODg5MzUxMi4xNzU3NDM1NDU2*_ga*MTIxODY4MTEzMi4xNzYyNTc1NTQx*_ga_VED1YSGNC7*czE3NjI2NDA5MzgkbzQkZzEkdDE3NjI2NDM2NTckajU4JGwwJGgw&gatewayAdapt=glo2usa,Aliexpress,1,$2.41,$2.41,Needed to connect the E-Stop,,,,,,FALSE,
Heat Shrink Wrap,https://www.aliexpress.us/item/3256807959988149.html?spm=a2g0o.cart.0.0.6cd938da6gqILu&mp=1&pdp_npi=5%40dis%21USD%21USD%202.79%21USD%202.79%21%21USD%202.79%21%21%21%40210328db17626432203441976eb805%2112000043985559290%21ct%21US%212678897144%21%211%210&_gl=1*oxkymd*_gcl_aw*R0NMLjE3NjE4Nzk0MTUuQ2owS0NRandtWXpJQmhDNkFSSXNBSEEzSWtUU3B6c045cnBObllUWFBEMG1yN2FjdDdEVEdPNHVZSTJoMDdIWXRvT1JPeHM3Q0l6TmxmVWFBcXN3RUFMd193Y0I.*_gcl_dc*R0NMLjE3NjE4Nzk0MTUuQ2owS0NRandtWXpJQmhDNkFSSXNBSEEzSWtUU3B6c045cnBObllUWFBEMG1yN2FjdDdEVEdPNHVZSTJoMDdIWXRvT1JPeHM3Q0l6TmxmVWFBcXN3RUFMd193Y0I.*_gcl_au*MTAxODg5MzUxMi4xNzU3NDM1NDU2*_ga*MTIxODY4MTEzMi4xNzYyNTc1NTQx*_ga_VED1YSGNC7*czE3NjI2NDA5MzgkbzQkZzEkdDE3NjI2NDMyMjAkajMzJGwwJGgw&gatewayAdapt=glo2usa,Aliexpress,1,$2.79,$2.79,,,,,,,FALSE,
12x12 Piece of Wood,https://www.amazon.com/Plywood-Stronger-Basswood-Cutting-Woodpeckers/dp/B0CLWCM6J2/ref=sr_1_8?crid=1X5CZPURLW05J&dib=eyJ2IjoiMSJ9.aXytj1GDB8KWaBVMgIF8yjknDXbxqomohk4ociKXqoliyGUMMQdCuMv9BS3X7gmhYEAaGrb5jTkXEu27Bmzkn7Nfuh53JtyDLYCMUe-8FFboJUxgPGz6SpLSQEEXqJd7fJOY8O2YpgxjoLGE0hznaJgB2vJtt0W6OzlEY1bujp6GZP2JsvIkIdO72Hjd33hLAM8GwxWTNTyXD4ZQxzdZDpWRH0fFg-YNOCJ-2uAAqHKXT5vo-5iLG0j7VrKSKwmxgMWAfQRev_oVQB1ErBH3Zk7reiRZsLcjIhJcze01L7g.OhukFdCrGn8mtHdZ5SfI5fyTtbPNMOodv-bm8wzwneQ&dib_tag=se&keywords=12x12%2Bpiece%2Bof%2Bwood&qid=1762634687&sprefix=12x12%2Bpiece%2Bof%2Bwoo%2Caps%2C131&sr=8-8&th=1,Amazon,1,$6.44,$6.44,Piece of wood for the base of the robot to screw into and to mount electronics to. Cheapest one I could find,,,,,,FALSE,
M2x6mm Philips Screws,https://www.aliexpress.us/item/3256802119350443.html?spm=a2g0o.productlist.main.3.50771peT1peT5z&algo_pvid=0eda806c-6935-4cdb-9ebb-9465147c8464&algo_exp_id=0eda806c-6935-4cdb-9ebb-9465147c8464-2&pdp_ext_f=%7B%22order%22%3A%22219%22%2C%22eval%22%3A%221%22%2C%22fromPage%22%3A%22search%22%7D&pdp_npi=6%40dis%21USD%211.44%210.99%21%21%211.44%210.99%21%402103126e17626409436042935e9d85%2112000020001497615%21sea%21US%210%21ABX%211%210%21n_tag%3A-29910%3Bd%3Aff45761e%3Bm03_new_user%3A-29895%3BpisId%3A5000000187461911&curPageLogUid=bYjfPRmE1l1c&utparam-url=scene%3Asearch%7Cquery_from%3A%7Cx_object_id%3A1005002305665195%7C_p_origin_prod%3A,Aliexpress,1,$1.40,$1.40,For mounting the AS5600 Encoders,,,,,,FALSE,
,,,,,,,,,,,,FALSE,
,,,,,,,,,,,,FALSE,
,,,,,,,,,,,,FALSE,
,,,,,,,,,,,,FALSE,
Parts Total,$268.83,,,,,,,,,,,FALSE,
Shipping Total,$4.99,,,,,,,,,,,FALSE,
Subtotal,$273.82,,,,,,,,,,,FALSE,
Tax (Virginia 4.5%),$12.32,,,,,,,,,,,FALSE,
Project Total,$286.14,,,,,,,,,,,FALSE,
,,,,,,,,,,,,FALSE,
,,,,,,,,,,,,FALSE,
,,,,,,,,,,,,FALSE,
,,,,,,,,,,,,FALSE,
,,,,,,,,,,,,FALSE,
,,,,,,,,,,,,FALSE,
,,,,,,,,,,,,FALSE,
,,,,,,,,,,,,FALSE,
,,,,,,,,,,,,FALSE,
,,,,,,,,,,,,FALSE,
,,,,,,,,,,,,FALSE,
,,,,,,,,,,,,FALSE,
,,,,,,,,,,,,FALSE,
,,,,,,,,,,,,FALSE,
,,,,,,,,,,,,FALSE,
,,,,,,,,,,,,FALSE,
,,,,,,,,,,,,FALSE,
,,,,,,,,,,,,FALSE,
,,,,,,,,,,,,FALSE,
,,,,,,,,,,,,FALSE,
,,,,,,,,,,,,FALSE,
,,,,,,,,,,,,FALSE,
,,,,,,,,,,,,FALSE,
,,,,,,,,,,,,FALSE,
,,,,,,,,,,,,FALSE,
,,,,,,,,,,,,FALSE,
,,,,,,,,,,,,FALSE,
,,,,,,,,,,,,FALSE,
,,,,,,,,,,,,FALSE,
,,,,,,,,,,,,FALSE,
,,,,,,,,,,,,FALSE,
,,,,,,,,,,,,FALSE,
,,,,,,,,,,,,FALSE,
,,,,,,,,,,,,FALSE,
,,,,,,,,,,,,FALSE,
,,,,,,,,,,,,FALSE,
,,,,,,,,,,,,FALSE,
,,,,,,,,,,,,FALSE,
,,,,,,,,,,,,FALSE,
,,,,,,,,,,,,FALSE,
,,,,,,,,,,,,FALSE,
,,,,,,,,,,,,FALSE,
,,,,,,,,,,,,FALSE,
,,,,,,,,,,,,FALSE,
,,,,,,,,,,,,FALSE,
,,,,,,,,,,,,FALSE,
,,,,,,,,,,,,FALSE,
,,,,,,,,,,,,FALSE,
,,,,,,,,,,,,FALSE,
,,,,,,,,,,,,FALSE,
,,,,,,,,,,,,FALSE,
,,,,,,,,,,,,FALSE,
,,,,,,,,,,,,FALSE,
,,,,,,,,,,,,FALSE,
,,,,,,,,,,,,FALSE,
,,,,,,,,,,,,FALSE,
,,,,,,,,,,,,FALSE,
,,,,,,,,,,,,FALSE,
,,,,,,,,,,,,FALSE,
,,,,,,,,,,,,FALSE,
,,,,,,,,,,,,FALSE,
,,,,,,,,,,,,FALSE,
,,,,,,,,,,,,FALSE,
,,,,,,,,,,,,FALSE,
,,,,,,,,,,,,FALSE,
,,,,,,,,,,,,FALSE,
,,,,,,,,,,,,FALSE,
,,,,,,,,,,,,FALSE,
,,,,,,,,,,,,FALSE,
,,,,,,,,,,,,FALSE,
,,,,,,,,,,,,FALSE,
,,,,,,,,,,,,FALSE,
,,,,,,,,,,,,FALSE,
,,,,,,,,,,,,FALSE,
,,,,,,,,,,,,FALSE,
,,,,,,,,,,,,FALSE,
,,,,,,,,,,,,FALSE,
,,,,,,,,,,,,FALSE,
,,,,,,,,,,,,FALSE,
,,,,,,,,,,,,FALSE,
,,,,,,,,,,,,FALSE,
,,,,,,,,,,,,FALSE,
,,,,,,,,,,,,FALSE,
,,,,,,,,,,,,FALSE,
,,,,,,,,,,,,FALSE,
,,,,,,,,,,,,FALSE,
,,,,,,,,,,,,FALSE,
,,,,,,,,,,,,FALSE,
,,,,,,,,,,,,FALSE,
,,,,,,,,,,,,FALSE,
,,,,,,,,,,,,FALSE,
,,,,,,,,,,,,FALSE,
,,,,,,,,,,,,FALSE,
,,,,,,,,,,,,FALSE,
,,,,,,,,,,,,FALSE,
,,,,,,,,,,,,FALSE,
,,,,,,,,,,,,FALSE,
,,,,,,,,,,,,FALSE,
,,,,,,,,,,,,FALSE,
,,,,,,,,,,,,FALSE,
,,,,,,,,,,,,FALSE,
,,,,,,,,,,,,FALSE,
,,,,,,,,,,,,FALSE,
,,,,,,,,,,,,FALSE,
,,,,,,,,,,,,FALSE,
,,,,,,,,,,,,FALSE,
,,,,,,,,,,,,FALSE,
,,,,,,,,,,,,FALSE,
,,,,,,,,,,,,FALSE,
,,,,,,,,,,,,FALSE,
,,,,,,,,,,,,FALSE,
,,,,,,,,,,,,FALSE,
,,,,,,,,,,,,FALSE,
,,,,,,,,,,,,FALSE,
,,,,,,,,,,,,FALSE,
,,,,,,,,,,,,FALSE,
,,,,,,,,,,,,FALSE,
,,,,,,,,,,,,FALSE,
,,,,,,,,,,,,FALSE,
,,,,,,,,,,,,FALSE,
,,,,,,,,,,,,FALSE,
,,,,,,,,,,,,FALSE,
,,,,,,,,,,,,FALSE,
,,,,,,,,,,,,FALSE,
,,,,,,,,,,,,FALSE,
,,,,,,,,,,,,FALSE,
,,,,,,,,,,,,FALSE,
,,,,,,,,,,,,FALSE,
,,,,,,,,,,,,FALSE,
,,,,,,,,,,,,FALSE,
,,,,,,,,,,,,FALSE,
,,,,,,,,,,,,FALSE,
,,,,,,,,,,,,FALSE,
,,,,,,,,,,,,FALSE,
,,,,,,,,,,,,FALSE,
,,,,,,,,,,,,FALSE,
,,,,,,,,,,,,FALSE,
,,,,,,,,,,,,FALSE,
,,,,,,,,,,,,FALSE,
,,,,,,,,,,,,FALSE,
,,,,,,,,,,,,FALSE,
,,,,,,,,,,,,FALSE,
,,,,,,,,,,,,FALSE,
,,,,,,,,,,,,FALSE,
,,,,,,,,,,,,FALSE,
,,,,,,,,,,,,FALSE,
,,,,,,,,,,,,FALSE,
,,,,,,,,,,,,FALSE,
,,,,,,,,,,,,FALSE,
,,,,,,,,,,,,FALSE,
,,,,,,,,,,,,FALSE,
,,,,,,,,,,,,FALSE,
,,,,,,,,,,,,FALSE,
,,,,,,,,,,,,FALSE,
,,,,,,,,,,,,FALSE,
,,,,,,,,,,,,FALSE,
,,,,,,,,,,,,FALSE,
,,,,,,,,,,,,FALSE,
,,,,,,,,,,,,FALSE,
,,,,,,,,,,,,FALSE,
,,,,,,,,,,,,FALSE,
,,,,,,,,,,,,FALSE,
,,,,,,,,,,,,FALSE,
,,,,,,,,,,,,FALSE,
,,,,,,,,,,,,FALSE,
,,,,,,,,,,,,FALSE,
,,,,,,,,,,,,FALSE,
,,,,,,,,,,,,FALSE,
,,,,,,,,,,,,FALSE,
,,,,,,,,,,,,FALSE,
,,,,,,,,,,,,FALSE,
,,,,,,,,,,,,FALSE,
,,,,,,,,,,,,FALSE,
,,,,,,,,,,,,FALSE,
,,,,,,,,,,,,FALSE,
,,,,,,,,,,,,FALSE,
,,,,,,,,,,,,FALSE,
,,,,,,,,,,,,FALSE,
,,,,,,,,,,,,FALSE,
,,,,,,,,,,,,FALSE,
,,,,,,,,,,,,FALSE,
,,,,,,,,,,,,FALSE,
,,,,,,,,,,,,FALSE,
,,,,,,,,,,,,FALSE,
,,,,,,,,,,,,FALSE,
,,,,,,,,,,,,FALSE,
,,,,,,,,,,,,FALSE,
,,,,,,,,,,,,FALSE,
,,,,,,,,,,,,FALSE,
,,,,,,,,,,,,FALSE,
,,,,,,,,,,,,FALSE,
,,,,,,,,,,,,FALSE,
,,,,,,,,,,,,FALSE,
,,,,,,,,,,,,FALSE,
,,,,,,,,,,,,FALSE,
,,,,,,,,,,,,FALSE,
,,,,,,,,,,,,FALSE,
,,,,,,,,,,,,FALSE,
,,,,,,,,,,,,FALSE,
,,,,,,,,,,,,FALSE,
,,,,,,,,,,,,FALSE,
,,,,,,,,,,,,FALSE,
,,,,,,,,,,,,FALSE,
,,,,,,,,,,,,FALSE,
,,,,,,,,,,,,FALSE,
,,,,,,,,,,,,FALSE,
,,,,,,,,,,,,FALSE,
,,,,,,,,,,,,FALSE,
,,,,,,,,,,,,FALSE,
,,,,,,,,,,,,FALSE,
,,,,,,,,,,,,FALSE,
,,,,,,,,,,,,FALSE,
,,,,,,,,,,,,FALSE,
,,,,,,,,,,,,FALSE,
,,,,,,,,,,,,FALSE,
,,,,,,,,,,,,FALSE,
,,,,,,,,,,,,FALSE,
,,,,,,,,,,,,FALSE,
,,,,,,,,,,,,FALSE,
,,,,,,,,,,,,FALSE,
,,,,,,,,,,,,FALSE,
,,,,,,,,,,,,FALSE,
,,,,,,,,,,,,FALSE,
,,,,,,,,,,,,FALSE,
,,,,,,,,,,,,FALSE,
,,,,,,,,,,,,FALSE,
,,,,,,,,,,,,FALSE,
,,,,,,,,,,,,FALSE,
,,,,,,,,,,,,FALSE,
,,,,,,,,,,,,FALSE,
,,,,,,,,,,,,FALSE,
,,,,,,,,,,,,FALSE,
,,,,,,,,,,,,FALSE,
,,,,,,,,,,,,FALSE,
,,,,,,,,,,,,FALSE,
,,,,,,,,,,,,FALSE,
,,,,,,,,,,,,FALSE,
,,,,,,,,,,,,FALSE,
,,,,,,,,,,,,FALSE,
,,,,,,,,,,,,FALSE,
,,,,,,,,,,,,FALSE,
,,,,,,,,,,,,FALSE,
,,,,,,,,,,,,FALSE,
,,,,,,,,,,,,FALSE,
,,,,,,,,,,,,FALSE,
,,,,,,,,,,,,FALSE,
,,,,,,,,,,,,FALSE,
,,,,,,,,,,,,FALSE,
,,,,,,,,,,,,FALSE,
,,,,,,,,,,,,FALSE,
,,,,,,,,,,,,FALSE,
,,,,,,,,,,,,FALSE,
,,,,,,,,,,,,FALSE,
,,,,,,,,,,,,FALSE,
,,,,,,,,,,,,FALSE,
,,,,,,,,,,,,FALSE,
,,,,,,,,,,,,FALSE,
,,,,,,,,,,,,FALSE,
,,,,,,,,,,,,FALSE,
,,,,,,,,,,,,FALSE,
,,,,,,,,,,,,FALSE,
,,,,,,,,,,,,FALSE,
,,,,,,,,,,,,FALSE,
,,,,,,,,,,,,FALSE,
,,,,,,,,,,,,FALSE,
,,,,,,,,,,,,FALSE,
,,,,,,,,,,,,FALSE,
,,,,,,,,,,,,FALSE,
,,,,,,,,,,,,FALSE,
,,,,,,,,,,,,FALSE,
,,,,,,,,,,,,FALSE,
,,,,,,,,,,,,FALSE,
,,,,,,,,,,,,FALSE,
,,,,,,,,,,,,FALSE,
,,,,,,,,,,,,FALSE,
,,,,,,,,,,,,FALSE,
,,,,,,,,,,,,FALSE,
,,,,,,,,,,,,FALSE,
,,,,,,,,,,,,FALSE,
,,,,,,,,,,,,FALSE,
,,,,,,,,,,,,FALSE,
,,,,,,,,,,,,FALSE,
,,,,,,,,,,,,FALSE,
,,,,,,,,,,,,FALSE,
,,,,,,,,,,,,FALSE,
,,,,,,,,,,,,FALSE,
,,,,,,,,,,,,FALSE,
,,,,,,,,,,,,FALSE,
,,,,,,,,,,,,FALSE,
,,,,,,,,,,,,FALSE,
,,,,,,,,,,,,FALSE,
,,,,,,,,,,,,FALSE,
,,,,,,,,,,,,FALSE,
,,,,,,,,,,,,FALSE,
,,,,,,,,,,,,FALSE,
,,,,,,,,,,,,FALSE,
,,,,,,,,,,,,FALSE,
,,,,,,,,,,,,FALSE,
,,,,,,,,,,,,FALSE,
,,,,,,,,,,,,FALSE,
,,,,,,,,,,,,FALSE,
,,,,,,,,,,,,FALSE,
,,,,,,,,,,,,FALSE,
,,,,,,,,,,,,FALSE,
,,,,,,,,,,,,FALSE,
,,,,,,,,,,,,FALSE,
,,,,,,,,,,,,FALSE,
,,,,,,,,,,,,FALSE,
,,,,,,,,,,,,FALSE,
,,,,,,,,,,,,FALSE,
,,,,,,,,,,,,FALSE,
,,,,,,,,,,,,FALSE,
,,,,,,,,,,,,FALSE,
,,,,,,,,,,,,FALSE,
,,,,,,,,,,,,FALSE,
,,,,,,,,,,,,FALSE,
,,,,,,,,,,,,FALSE,
,,,,,,,,,,,,FALSE,
,,,,,,,,,,,,FALSE,
,,,,,,,,,,,,FALSE,
,,,,,,,,,,,,FALSE,
,,,,,,,,,,,,FALSE,
,,,,,,,,,,,,FALSE,
,,,,,,,,,,,,FALSE,
,,,,,,,,,,,,FALSE,
,,,,,,,,,,,,FALSE,
,,,,,,,,,,,,FALSE,
,,,,,,,,,,,,FALSE,
,,,,,,,,,,,,FALSE,
,,,,,,,,,,,,FALSE,
,,,,,,,,,,,,FALSE,
,,,,,,,,,,,,FALSE,
,,,,,,,,,,,,FALSE,
,,,,,,,,,,,,FALSE,
,,,,,,,,,,,,FALSE,
,,,,,,,,,,,,FALSE,
,,,,,,,,,,,,FALSE,
,,,,,,,,,,,,FALSE,
,,,,,,,,,,,,FALSE,
,,,,,,,,,,,,FALSE,
,,,,,,,,,,,,FALSE,
,,,,,,,,,,,,FALSE,
,,,,,,,,,,,,FALSE,
,,,,,,,,,,,,FALSE,
,,,,,,,,,,,,FALSE,
,,,,,,,,,,,,FALSE,
,,,,,,,,,,,,FALSE,
,,,,,,,,,,,,FALSE,
,,,,,,,,,,,,FALSE,
,,,,,,,,,,,,FALSE,
,,,,,,,,,,,,FALSE,
,,,,,,,,,,,,FALSE,
,,,,,,,,,,,,FALSE,
,,,,,,,,,,,,FALSE,
,,,,,,,,,,,,FALSE,
,,,,,,,,,,,,FALSE,
,,,,,,,,,,,,FALSE,
,,,,,,,,,,,,FALSE,
,,,,,,,,,,,,FALSE,
,,,,,,,,,,,,FALSE,
,,,,,,,,,,,,FALSE,
,,,,,,,,,,,,FALSE,
,,,,,,,,,,,,FALSE,
,,,,,,,,,,,,FALSE,
,,,,,,,,,,,,FALSE,
,,,,,,,,,,,,FALSE,
,,,,,,,,,,,,FALSE,
,,,,,,,,,,,,FALSE,
,,,,,,,,,,,,FALSE,
,,,,,,,,,,,,FALSE,
,,,,,,,,,,,,FALSE,
,,,,,,,,,,,,FALSE,
,,,,,,,,,,,,FALSE,
,,,,,,,,,,,,FALSE,
,,,,,,,,,,,,FALSE,
,,,,,,,,,,,,FALSE,
,,,,,,,,,,,,FALSE,
,,,,,,,,,,,,FALSE,
,,,,,,,,,,,,FALSE,
,,,,,,,,,,,,FALSE,
,,,,,,,,,,,,FALSE,
,,,,,,,,,,,,FALSE,
,,,,,,,,,,,,FALSE,
,,,,,,,,,,,,FALSE,
,,,,,,,,,,,,FALSE,
,,,,,,,,,,,,FALSE,
,,,,,,,,,,,,FALSE,
,,,,,,,,,,,,FALSE,
,,,,,,,,,,,,FALSE,
,,,,,,,,,,,,FALSE,
,,,,,,,,,,,,FALSE,
,,,,,,,,,,,,FALSE,
,,,,,,,,,,,,FALSE,
,,,,,,,,,,,,FALSE,
,,,,,,,,,,,,FALSE,
,,,,,,,,,,,,FALSE,
,,,,,,,,,,,,FALSE,
,,,,,,,,,,,,FALSE,
,,,,,,,,,,,,FALSE,
,,,,,,,,,,,,FALSE,
,,,,,,,,,,,,FALSE,
,,,,,,,,,,,,FALSE,
,,,,,,,,,,,,FALSE,
,,,,,,,,,,,,FALSE,
,,,,,,,,,,,,FALSE,
,,,,,,,,,,,,FALSE,
,,,,,,,,,,,,FALSE,
,,,,,,,,,,,,FALSE,
,,,,,,,,,,,,FALSE,
,,,,,,,,,,,,FALSE,
,,,,,,,,,,,,FALSE,
,,,,,,,,,,,,FALSE,
,,,,,,,,,,,,FALSE,
,,,,,,,,,,,,FALSE,
,,,,,,,,,,,,FALSE,
,,,,,,,,,,,,FALSE,
,,,,,,,,,,,,FALSE,
,,,,,,,,,,,,FALSE,
,,,,,,,,,,,,FALSE,
,,,,,,,,,,,,FALSE,
,,,,,,,,,,,,FALSE,
,,,,,,,,,,,,FALSE,
,,,,,,,,,,,,FALSE,
,,,,,,,,,,,,FALSE,
,,,,,,,,,,,,FALSE,
,,,,,,,,,,,,FALSE,
,,,,,,,,,,,,FALSE,
,,,,,,,,,,,,FALSE,
,,,,,,,,,,,,FALSE,
,,,,,,,,,,,,FALSE,
,,,,,,,,,,,,FALSE,
,,,,,,,,,,,,FALSE,
,,,,,,,,,,,,FALSE,
,,,,,,,,,,,,FALSE,
,,,,,,,,,,,,FALSE,
,,,,,,,,,,,,FALSE,
,,,,,,,,,,,,FALSE,
,,,,,,,,,,,,FALSE,
,,,,,,,,,,,,FALSE,
,,,,,,,,,,,,FALSE,
,,,,,,,,,,,,FALSE,
,,,,,,,,,,,,FALSE,
,,,,,,,,,,,,FALSE,
,,,,,,,,,,,,FALSE,
,,,,,,,,,,,,FALSE,
,,,,,,,,,,,,FALSE,
,,,,,,,,,,,,FALSE,
,,,,,,,,,,,,FALSE,
,,,,,,,,,,,,FALSE,
,,,,,,,,,,,,FALSE,
,,,,,,,,,,,,FALSE,
,,,,,,,,,,,,FALSE,
,,,,,,,,,,,,FALSE,
,,,,,,,,,,,,FALSE,
,,,,,,,,,,,,FALSE,
,,,,,,,,,,,,FALSE,
,,,,,,,,,,,,FALSE,
,,,,,,,,,,,,FALSE,
,,,,,,,,,,,,FALSE,
,,,,,,,,,,,,FALSE,
,,,,,,,,,,,,FALSE,
,,,,,,,,,,,,FALSE,
,,,,,,,,,,,,FALSE,
,,,,,,,,,,,,FALSE,
,,,,,,,,,,,,FALSE,
,,,,,,,,,,,,FALSE,
,,,,,,,,,,,,FALSE,
,,,,,,,,,,,,FALSE,
,,,,,,,,,,,,FALSE,
,,,,,,,,,,,,FALSE,
,,,,,,,,,,,,FALSE,
,,,,,,,,,,,,FALSE,
,,,,,,,,,,,,FALSE,
,,,,,,,,,,,,FALSE,
,,,,,,,,,,,,FALSE,
,,,,,,,,,,,,FALSE,
,,,,,,,,,,,,FALSE,
,,,,,,,,,,,,FALSE,
,,,,,,,,,,,,FALSE,
,,,,,,,,,,,,FALSE,
,,,,,,,,,,,,FALSE,
,,,,,,,,,,,,FALSE,
,,,,,,,,,,,,FALSE,
,,,,,,,,,,,,FALSE,
,,,,,,,,,,,,FALSE,
,,,,,,,,,,,,FALSE,
,,,,,,,,,,,,FALSE,
,,,,,,,,,,,,FALSE,
,,,,,,,,,,,,FALSE,
,,,,,,,,,,,,FALSE,
,,,,,,,,,,,,FALSE,
,,,,,,,,,,,,FALSE,
,,,,,,,,,,,,FALSE,
,,,,,,,,,,,,FALSE,
,,,,,,,,,,,,FALSE,
,,,,,,,,,,,,FALSE,
,,,,,,,,,,,,FALSE,
,,,,,,,,,,,,FALSE,
,,,,,,,,,,,,FALSE,
,,,,,,,,,,,,FALSE,
,,,,,,,,,,,,FALSE,
,,,,,,,,,,,,FALSE,
,,,,,,,,,,,,FALSE,
,,,,,,,,,,,,FALSE,
,,,,,,,,,,,,FALSE,
,,,,,,,,,,,,FALSE,
,,,,,,,,,,,,FALSE,
,,,,,,,,,,,,FALSE,
,,,,,,,,,,,,FALSE,
,,,,,,,,,,,,FALSE,
,,,,,,,,,,,,FALSE,
,,,,,,,,,,,,FALSE,
,,,,,,,,,,,,FALSE,
,,,,,,,,,,,,FALSE,
,,,,,,,,,,,,FALSE,
,,,,,,,,,,,,FALSE,
,,,,,,,,,,,,FALSE,
,,,,,,,,,,,,FALSE,
,,,,,,,,,,,,FALSE,
,,,,,,,,,,,,FALSE,
,,,,,,,,,,,,FALSE,
,,,,,,,,,,,,FALSE,
,,,,,,,,,,,,FALSE,
,,,,,,,,,,,,FALSE,
,,,,,,,,,,,,FALSE,
,,,,,,,,,,,,FALSE,
,,,,,,,,,,,,FALSE,
,,,,,,,,,,,,FALSE,
,,,,,,,,,,,,FALSE,
,,,,,,,,,,,,FALSE,
,,,,,,,,,,,,FALSE,
,,,,,,,,,,,,FALSE,
,,,,,,,,,,,,FALSE,
,,,,,,,,,,,,FALSE,
,,,,,,,,,,,,FALSE,
,,,,,,,,,,,,FALSE,
,,,,,,,,,,,,FALSE,
,,,,,,,,,,,,FALSE,
,,,,,,,,,,,,FALSE,
,,,,,,,,,,,,FALSE,
,,,,,,,,,,,,FALSE,
,,,,,,,,,,,,FALSE,
,,,,,,,,,,,,FALSE,
,,,,,,,,,,,,FALSE,
,,,,,,,,,,,,FALSE,
,,,,,,,,,,,,FALSE,
,,,,,,,,,,,,FALSE,
,,,,,,,,,,,,FALSE,
,,,,,,,,,,,,FALSE,
,,,,,,,,,,,,FALSE,
,,,,,,,,,,,,FALSE,
,,,,,,,,,,,,FALSE,
,,,,,,,,,,,,FALSE,
,,,,,,,,,,,,FALSE,
,,,,,,,,,,,,FALSE,
,,,,,,,,,,,,FALSE,
,,,,,,,,,,,,FALSE,
,,,,,,,,,,,,FALSE,
,,,,,,,,,,,,FALSE,
,,,,,,,,,,,,FALSE,
,,,,,,,,,,,,FALSE,
,,,,,,,,,,,,FALSE,
,,,,,,,,,,,,FALSE,
,,,,,,,,,,,,FALSE,
,,,,,,,,,,,,FALSE,
,,,,,,,,,,,,FALSE,
,,,,,,,,,,,,FALSE,
,,,,,,,,,,,,FALSE,
,,,,,,,,,,,,FALSE,
,,,,,,,,,,,,FALSE,
,,,,,,,,,,,,FALSE,
,,,,,,,,,,,,FALSE,
,,,,,,,,,,,,FALSE,
,,,,,,,,,,,,FALSE,
,,,,,,,,,,,,FALSE,
,,,,,,,,,,,,FALSE,
,,,,,,,,,,,,FALSE,
,,,,,,,,,,,,FALSE,
,,,,,,,,,,,,FALSE,
,,,,,,,,,,,,FALSE,
,,,,,,,,,,,,FALSE,
,,,,,,,,,,,,FALSE,
,,,,,,,,,,,,FALSE,
,,,,,,,,,,,,FALSE,
,,,,,,,,,,,,FALSE,
,,,,,,,,,,,,FALSE,
,,,,,,,,,,,,FALSE,
,,,,,,,,,,,,FALSE,
,,,,,,,,,,,,FALSE,
,,,,,,,,,,,,FALSE,
,,,,,,,,,,,,FALSE,
,,,,,,,,,,,,FALSE,
,,,,,,,,,,,,FALSE,
,,,,,,,,,,,,FALSE,
,,,,,,,,,,,,FALSE,
,,,,,,,,,,,,FALSE,
,,,,,,,,,,,,FALSE,
,,,,,,,,,,,,FALSE,
,,,,,,,,,,,,FALSE,
,,,,,,,,,,,,FALSE,
,,,,,,,,,,,,FALSE,
,,,,,,,,,,,,FALSE,
,,,,,,,,,,,,FALSE,
,,,,,,,,,,,,FALSE,
,,,,,,,,,,,,FALSE,
,,,,,,,,,,,,FALSE,
,,,,,,,,,,,,FALSE,
,,,,,,,,,,,,FALSE,
,,,,,,,,,,,,FALSE,
,,,,,,,,,,,,FALSE,
,,,,,,,,,,,,FALSE,
,,,,,,,,,,,,FALSE,
,,,,,,,,,,,,FALSE,
,,,,,,,,,,,,FALSE,
,,,,,,,,,,,,FALSE,
,,,,,,,,,,,,FALSE,
,,,,,,,,,,,,FALSE,
,,,,,,,,,,,,FALSE,
,,,,,,,,,,,,FALSE,
,,,,,,,,,,,,FALSE,
,,,,,,,,,,,,FALSE,
,,,,,,,,,,,,FALSE,
,,,,,,,,,,,,FALSE,
,,,,,,,,,,,,FALSE,
,,,,,,,,,,,,FALSE,
,,,,,,,,,,,,FALSE,
,,,,,,,,,,,,FALSE,
,,,,,,,,,,,,FALSE,
,,,,,,,,,,,,FALSE,
,,,,,,,,,,,,FALSE,
,,,,,,,,,,,,FALSE,
,,,,,,,,,,,,FALSE,
,,,,,,,,,,,,FALSE,
,,,,,,,,,,,,FALSE,
,,,,,,,,,,,,FALSE,
,,,,,,,,,,,,FALSE,
,,,,,,,,,,,,FALSE,
,,,,,,,,,,,,FALSE,
,,,,,,,,,,,,FALSE,
,,,,,,,,,,,,FALSE,
,,,,,,,,,,,,FALSE,
,,,,,,,,,,,,FALSE,
,,,,,,,,,,,,FALSE,
,,,,,,,,,,,,FALSE,
,,,,,,,,,,,,FALSE,
,,,,,,,,,,,,FALSE,
,,,,,,,,,,,,FALSE,
,,,,,,,,,,,,FALSE,
,,,,,,,,,,,,FALSE,
,,,,,,,,,,,,FALSE,
,,,,,,,,,,,,FALSE,
,,,,,,,,,,,,FALSE,
,,,,,,,,,,,,FALSE,
,,,,,,,,,,,,FALSE,
,,,,,,,,,,,,FALSE,
,,,,,,,,,,,,FALSE,
,,,,,,,,,,,,FALSE,
,,,,,,,,,,,,FALSE,
,,,,,,,,,,,,FALSE,
,,,,,,,,,,,,FALSE,
,,,,,,,,,,,,FALSE,
,,,,,,,,,,,,FALSE,
,,,,,,,,,,,,FALSE,
,,,,,,,,,,,,FALSE,
,,,,,,,,,,,,FALSE,
,,,,,,,,,,,,FALSE,
,,,,,,,,,,,,FALSE,
,,,,,,,,,,,,FALSE,
,,,,,,,,,,,,FALSE,
,,,,,,,,,,,,FALSE,
,,,,,,,,,,,,FALSE,
,,,,,,,,,,,,FALSE,
,,,,,,,,,,,,FALSE,
,,,,,,,,,,,,FALSE,
,,,,,,,,,,,,FALSE,
,,,,,,,,,,,,FALSE,
,,,,,,,,,,,,FALSE,
,,,,,,,,,,,,FALSE,
,,,,,,,,,,,,FALSE,
,,,,,,,,,,,,FALSE,
,,,,,,,,,,,,FALSE,
,,,,,,,,,,,,FALSE,
,,,,,,,,,,,,FALSE,
,,,,,,,,,,,,FALSE,
,,,,,,,,,,,,FALSE,
,,,,,,,,,,,,FALSE,
,,,,,,,,,,,,FALSE,
,,,,,,,,,,,,FALSE,
,,,,,,,,,,,,FALSE,
,,,,,,,,,,,,FALSE,
,,,,,,,,,,,,FALSE,
,,,,,,,,,,,,FALSE,
,,,,,,,,,,,,FALSE,
,,,,,,,,,,,,FALSE,
,,,,,,,,,,,,FALSE,
,,,,,,,,,,,,FALSE,
,,,,,,,,,,,,FALSE,
,,,,,,,,,,,,FALSE,
,,,,,,,,,,,,FALSE,
,,,,,,,,,,,,FALSE,
,,,,,,,,,,,,FALSE,
,,,,,,,,,,,,FALSE,
,,,,,,,,,,,,FALSE,
,,,,,,,,,,,,FALSE,
,,,,,,,,,,,,FALSE,
,,,,,,,,,,,,FALSE,
,,,,,,,,,,,,FALSE,
,,,,,,,,,,,,FALSE,
,,,,,,,,,,,,FALSE,
,,,,,,,,,,,,FALSE,
,,,,,,,,,,,,FALSE,
,,,,,,,,,,,,FALSE,
,,,,,,,,,,,,FALSE,
,,,,,,,,,,,,FALSE,
,,,,,,,,,,,,FALSE,
,,,,,,,,,,,,FALSE,
,,,,,,,,,,,,FALSE,
,,,,,,,,,,,,FALSE,
,,,,,,,,,,,,FALSE,
,,,,,,,,,,,,FALSE,
,,,,,,,,,,,,FALSE,
,,,,,,,,,,,,FALSE,
,,,,,,,,,,,,FALSE,
,,,,,,,,,,,,FALSE,
,,,,,,,,,,,,FALSE,
,,,,,,,,,,,,FALSE,
,,,,,,,,,,,,FALSE,
,,,,,,,,,,,,FALSE,
,,,,,,,,,,,,FALSE,
,,,,,,,,,,,,FALSE,
,,,,,,,,,,,,FALSE,
,,,,,,,,,,,,FALSE,
,,,,,,,,,,,,FALSE,
,,,,,,,,,,,,FALSE,
,,,,,,,,,,,,FALSE,
,,,,,,,,,,,,FALSE,
,,,,,,,,,,,,FALSE,
,,,,,,,,,,,,FALSE,
,,,,,,,,,,,,FALSE,
,,,,,,,,,,,,FALSE,
,,,,,,,,,,,,FALSE,
,,,,,,,,,,,,FALSE,
,,,,,,,,,,,,FALSE,
,,,,,,,,,,,,FALSE,
,,,,,,,,,,,,FALSE,
,,,,,,,,,,,,FALSE,
,,,,,,,,,,,,FALSE,
,,,,,,,,,,,,FALSE,
,,,,,,,,,,,,FALSE,
,,,,,,,,,,,,FALSE,
,,,,,,,,,,,,FALSE,
,,,,,,,,,,,,FALSE,
,,,,,,,,,,,,FALSE,
,,,,,,,,,,,,FALSE,
,,,,,,,,,,,,FALSE,
,,,,,,,,,,,,FALSE,
,,,,,,,,,,,,FALSE,
,,,,,,,,,,,,FALSE,
,,,,,,,,,,,,FALSE,
,,,,,,,,,,,,FALSE,
,,,,,,,,,,,,FALSE,
,,,,,,,,,,,,FALSE,
,,,,,,,,,,,,FALSE,
,,,,,,,,,,,,FALSE,
,,,,,,,,,,,,FALSE,
,,,,,,,,,,,,FALSE,
,,,,,,,,,,,,FALSE,
,,,,,,,,,,,,FALSE,
,,,,,,,,,,,,FALSE,
,,,,,,,,,,,,FALSE,
,,,,,,,,,,,,FALSE,
,,,,,,,,,,,,FALSE,
,,,,,,,,,,,,FALSE,
,,,,,,,,,,,,FALSE,
,,,,,,,,,,,,FALSE,
,,,,,,,,,,,,FALSE,
,,,,,,,,,,,,FALSE,
,,,,,,,,,,,,FALSE,
,,,,,,,,,,,,FALSE,
,,,,,,,,,,,,FALSE,
,,,,,,,,,,,,FALSE,
,,,,,,,,,,,,FALSE,
,,,,,,,,,,,,FALSE,
,,,,,,,,,,,,FALSE,
,,,,,,,,,,,,FALSE,
,,,,,,,,,,,,FALSE,
,,,,,,,,,,,,FALSE,
,,,,,,,,,,,,FALSE,
,,,,,,,,,,,,FALSE,
,,,,,,,,,,,,FALSE,
,,,,,,,,,,,,FALSE,
,,,,,,,,,,,,FALSE,
,,,,,,,,,,,,FALSE,
,,,,,,,,,,,,FALSE,
,,,,,,,,,,,,FALSE,
,,,,,,,,,,,,FALSE,
,,,,,,,,,,,,FALSE,
,,,,,,,,,,,,FALSE,
,,,,,,,,,,,,FALSE,
,,,,,,,,,,,,FALSE,
,,,,,,,,,,,,FALSE,
,,,,,,,,,,,,FALSE,
,,,,,,,,,,,,FALSE,
,,,,,,,,,,,,FALSE,
,,,,,,,,,,,,FALSE,
,,,,,,,,,,,,FALSE,
,,,,,,,,,,,,FALSE,
,,,,,,,,,,,,FALSE,
,,,,,,,,,,,,FALSE,
,,,,,,,,,,,,FALSE,
,,,,,,,,,,,,FALSE,
,,,,,,,,,,,,FALSE,
,,,,,,,,,,,,FALSE,
,,,,,,,,,,,,FALSE,
,,,,,,,,,,,,FALSE,
,,,,,,,,,,,,FALSE,
,,,,,,,,,,,,FALSE,
,,,,,,,,,,,,FALSE,
,,,,,,,,,,,,FALSE,
,,,,,,,,,,,,FALSE,
,,,,,,,,,,,,FALSE,
,,,,,,,,,,,,FALSE,
,,,,,,,,,,,,FALSE,
,,,,,,,,,,,,FALSE,
,,,,,,,,,,,,FALSE,
,,,,,,,,,,,,FALSE,
,,,,,,,,,,,,FALSE,
,,,,,,,,,,,,FALSE,
,,,,,,,,,,,,FALSE,
,,,,,,,,,,,,FALSE,
,,,,,,,,,,,,FALSE,
,,,,,,,,,,,,FALSE,
,,,,,,,,,,,,FALSE,
,,,,,,,,,,,,FALSE,
,,,,,,,,,,,,FALSE,
,,,,,,,,,,,,FALSE,
,,,,,,,,,,,,FALSE,
,,,,,,,,,,,,FALSE,
,,,,,,,,,,,,FALSE,
,,,,,,,,,,,,FALSE,
,,,,,,,,,,,,FALSE,
,,,,,,,,,,,,FALSE,
,,,,,,,,,,,,FALSE,
,,,,,,,,,,,,FALSE,
,,,,,,,,,,,,FALSE,
,,,,,,,,,,,,FALSE,
,,,,,,,,,,,,FALSE,
,,,,,,,,,,,,FALSE,
,,,,,,,,,,,,FALSE,
,,,,,,,,,,,,FALSE,
,,,,,,,,,,,,FALSE,
,,,,,,,,,,,,FALSE,
,,,,,,,,,,,,FALSE,
,,,,,,,,,,,,FALSE,
,,,,,,,,,,,,FALSE,
,,,,,,,,,,,,FALSE,
,,,,,,,,,,,,FALSE,
,,,,,,,,,,,,FALSE,
,,,,,,,,,,,,FALSE,
,,,,,,,,,,,,FALSE,
,,,,,,,,,,,,FALSE,
,,,,,,,,,,,,FALSE,
,,,,,,,,,,,,FALSE,
,,,,,,,,,,,,FALSE,
,,,,,,,,,,,,FALSE,
,,,,,,,,,,,,FALSE,
,,,,,,,,,,,,FALSE,
,,,,,,,,,,,,FALSE,
,,,,,,,,,,,,FALSE,
,,,,,,,,,,,,FALSE,
,,,,,,,,,,,,FALSE,
,,,,,,,,,,,,FALSE,
,,,,,,,,,,,,FALSE,
,,,,,,,,,,,,FALSE,
,,,,,,,,,,,,FALSE,
,,,,,,,,,,,,FALSE,
,,,,,,,,,,,,FALSE,
,,,,,,,,,,,,FALSE,
,,,,,,,,,,,,FALSE,
,,,,,,,,,,,,FALSE,
,,,,,,,,,,,,FALSE,
,,,,,,,,,,,,FALSE,
,,,,,,,,,,,,FALSE,
,,,,,,,,,,,,FALSE,
,,,,,,,,,,,,FALSE,
,,,,,,,,,,,,FALSE,
,,,,,,,,,,,,FALSE,
,,,,,,,,,,,,FALSE,
,,,,,,,,,,,,FALSE,
,,,,,,,,,,,,FALSE,
,,,,,,,,,,,,FALSE,
,,,,,,,,,,,,FALSE,
,,,,,,,,,,,,FALSE,
,,,,,,,,,,,,FALSE,
,,,,,,,,,,,,FALSE,
,,,,,,,,,,,,FALSE,
,,,,,,,,,,,,FALSE,
,,,,,,,,,,,,FALSE,
,,,,,,,,,,,,FALSE,
,,,,,,,,,,,,FALSE,
,,,,,,,,,,,,FALSE,
,,,,,,,,,,,,FALSE,
,,,,,,,,,,,,FALSE,
,,,,,,,,,,,,FALSE,
,,,,,,,,,,,,FALSE,
,,,,,,,,,,,,FALSE,
,,,,,,,,,,,,FALSE,
,,,,,,,,,,,,FALSE,
,,,,,,,,,,,,FALSE,
,,,,,,,,,,,,FALSE,
,,,,,,,,,,,,FALSE,
,,,,,,,,,,,,FALSE,
,,,,,,,,,,,,FALSE,
,,,,,,,,,,,,FALSE,
,,,,,,,,,,,,FALSE,
,,,,,,,,,,,,FALSE,
,,,,,,,,,,,,FALSE,
,,,,,,,,,,,,FALSE,
,,,,,,,,,,,,FALSE,
,,,,,,,,,,,,FALSE,
,,,,,,,,,,,,FALSE,
,,,,,,,,,,,,FALSE,
,,,,,,,,,,,,FALSE,
,,,,,,,,,,,,FALSE,
,,,,,,,,,,,,FALSE,
,,,,,,,,,,,,FALSE,
,,,,,,,,,,,,FALSE,
,,,,,,,,,,,,FALSE,
,,,,,,,,,,,,FALSE,
,,,,,,,,,,,,FALSE,
,,,,,,,,,,,,FALSE,
,,,,,,,,,,,,FALSE,
,,,,,,,,,,,,FALSE,
,,,,,,,,,,,,FALSE,
,,,,,,,,,,,,FALSE,
,,,,,,,,,,,,FALSE,
,,,,,,,,,,,,FALSE,
,,,,,,,,,,,,FALSE,
,,,,,,,,,,,,FALSE,
,,,,,,,,,,,,FALSE,
,,,,,,,,,,,,FALSE,
,,,,,,,,,,,,FALSE,
,,,,,,,,,,,,FALSE,
,,,,,,,,,,,,FALSE,
,,,,,,,,,,,,FALSE,
,,,,,,,,,,,,FALSE,
,,,,,,,,,,,,FALSE,
,,,,,,,,,,,,FALSE,